City_ID,City,Country,Lat,Lng,Max Temp,Humidity,Cloudiness,Wind Speed,Current Description,Rain(inches),Snow(inches)
0,Busselton,AU,-33.65,115.33,55.99,81,44,13.24,scattered clouds,0.0,0
1,Punta Arenas,CL,-53.15,-70.92,37.4,78,20,21.92,few clouds,0.0,0
2,Esperance,AU,-33.87,121.9,48.2,66,48,18.34,scattered clouds,0.0,0
3,Bluff,NZ,-46.6,168.33,39.0,83,56,3.0,broken clouds,0.0,0
4,Mar Del Plata,AR,-38.0,-57.56,50.0,37,20,17.22,few clouds,0.0,0
5,Tiarei,PF,-17.53,-149.33,77.0,69,75,1.12,broken clouds,0.0,0
6,Sept-Iles,CA,50.2,-66.38,69.8,88,90,9.17,overcast clouds,0.0,0
7,Ulladulla,AU,-35.35,150.47,48.99,100,90,5.82,overcast clouds,0.0,0
8,Mys Shmidta,AU,-35.35,150.47,48.99,100,90,5.82,overcast clouds,0.0,0
9,Ponta Do Sol,PT,32.67,-17.1,73.99,70,0,3.74,clear sky,0.0,0
10,Wlodawa,PL,51.55,23.55,63.0,55,1,5.46,clear sky,0.0,0
11,Nanortalik,GL,60.14,-45.24,48.29,85,99,12.24,moderate rain,1.39,0
12,Mataura,NZ,-46.19,168.86,39.0,83,77,3.0,broken clouds,0.0,0
13,Hermanus,ZA,-34.42,19.23,56.44,59,0,11.05,clear sky,0.0,0
14,Qaanaaq,GL,77.48,-69.36,46.15,60,78,2.13,broken clouds,0.0,0
15,Ampanihy,MG,-24.7,44.75,65.7,80,5,7.27,clear sky,0.0,0
16,Vestmannaeyjar,IS,63.44,-20.27,50.0,100,90,10.29,mist,0.0,0
17,Cape Town,ZA,-33.93,18.42,60.01,47,0,20.8,clear sky,0.0,0
18,Saint George,US,37.1,-113.58,100.0,18,1,3.11,clear sky,0.0,0
19,Chapais,CA,49.78,-74.85,64.4,88,90,11.41,overcast clouds,0.0,0
20,Saint-Pierre,RE,-21.34,55.48,69.8,73,20,8.05,few clouds,0.0,0
21,Tuktoyaktuk,CA,69.45,-133.04,51.8,71,20,5.82,few clouds,0.0,0
22,Georgetown,MY,5.41,100.34,82.4,88,20,4.7,few clouds,0.0,0
23,Nizhneyansk,MY,5.41,100.34,82.4,88,20,4.7,few clouds,0.0,0
24,Chachapoyas,PE,-6.23,-77.87,67.53,58,35,1.48,light rain,0.41,0
25,Hobart,AU,-42.88,147.33,39.99,93,90,4.7,overcast clouds,0.0,0
26,Olavarria,AR,-36.89,-60.32,50.0,44,52,11.99,broken clouds,0.0,0
27,Thompson,CA,55.74,-97.86,69.8,60,75,3.36,broken clouds,0.0,0
28,Suntar,RU,62.14,117.63,62.92,92,74,2.15,moderate rain,1.54,0
29,Geraldton,AU,-28.77,114.6,53.6,50,0,16.11,clear sky,0.0,0
30,Hihifo,AU,-28.77,114.6,53.6,50,0,16.11,clear sky,0.0,0
31,Boa Vista,BR,2.82,-60.67,80.6,78,75,9.17,shower rain,0.0,0
32,Albany,US,42.6,-73.97,86.0,45,43,1.99,scattered clouds,0.0,0
33,Amderma,US,42.6,-73.97,86.0,45,43,1.99,scattered clouds,0.0,0
34,Klyuchi,RU,52.27,79.17,67.6,88,63,9.15,broken clouds,0.0,0
35,Kruisfontein,ZA,-34.0,24.73,52.02,42,0,5.14,clear sky,0.0,0
36,Rikitea,PF,-23.12,-134.97,71.26,70,0,16.93,clear sky,0.0,0
37,Dikson,RU,73.51,80.55,42.55,97,90,7.65,overcast clouds,0.0,0
38,Kaitangata,NZ,-46.28,169.85,37.0,75,24,4.0,few clouds,0.0,0
39,Choma,ZM,-16.81,26.95,57.67,36,0,4.54,clear sky,0.0,0
40,Jiuquan,CN,39.74,98.52,73.78,26,85,4.23,overcast clouds,0.0,0
41,Karakendzha,CN,39.74,98.52,73.78,26,85,4.23,overcast clouds,0.0,0
42,Tumannyy,CN,39.74,98.52,73.78,26,85,4.23,overcast clouds,0.0,0
43,Vaini,TO,-21.2,-175.2,69.8,88,40,12.75,scattered clouds,0.0,0
44,Saint Anthony,US,45.02,-93.22,81.0,42,1,11.41,clear sky,0.0,0
45,Taolanaro,US,45.02,-93.22,81.0,42,1,11.41,clear sky,0.0,0
46,Canutama,BR,-6.53,-64.38,92.53,45,52,2.51,broken clouds,0.0,0
47,Hambantota,LK,6.12,81.12,81.43,78,87,18.48,overcast clouds,0.0,0
48,Lagoa,PT,39.05,-27.98,68.85,78,0,17.05,clear sky,0.0,0
49,Puerto Escondido,MX,15.85,-97.07,86.0,70,90,6.93,overcast clouds,0.0,0
50,Ushuaia,AR,-54.8,-68.3,35.6,90,40,21.92,scattered clouds,0.0,0
51,Belushya Guba,AR,-54.8,-68.3,35.6,90,40,21.92,scattered clouds,0.0,0
52,Faanui,PF,-16.48,-151.75,78.87,75,100,15.03,overcast clouds,0.0,0
53,Lasa,IT,46.62,10.7,66.2,42,5,4.7,clear sky,0.0,0
54,Jamestown,US,42.1,-79.24,77.0,64,75,10.29,broken clouds,0.0,0
55,Pangnirtung,CA,66.15,-65.71,48.2,81,75,16.11,broken clouds,0.0,0
56,Puerto Ayora,EC,-0.74,-90.35,69.01,90,58,4.0,broken clouds,0.0,0
57,Pevek,RU,69.7,170.31,48.43,78,96,4.92,overcast clouds,0.0,0
58,Samusu,RU,69.7,170.31,48.43,78,96,4.92,overcast clouds,0.0,0
59,Longyearbyen,SJ,78.22,15.64,48.2,76,75,5.82,broken clouds,0.0,0
60,Black Diamond,US,47.31,-122.0,66.0,90,81,2.08,light rain,0.25,0
61,Airai,TL,-8.93,125.41,56.41,100,87,4.21,overcast clouds,0.0,0
62,Sola,VU,-13.88,167.55,80.33,81,69,28.43,light rain,0.29,0
63,Novikovo,RU,51.15,37.89,69.8,66,0,4.85,clear sky,0.0,0
64,Tuatapere,NZ,-46.13,167.68,39.0,83,78,3.0,broken clouds,0.0,0
65,Haapiti,PF,-17.57,-149.87,77.0,69,75,1.12,broken clouds,0.0,0
66,Guerrero Negro,MX,27.98,-114.06,83.03,36,0,15.19,clear sky,0.0,0
67,Langham,CA,52.37,-106.97,66.99,77,90,11.41,light rain,0.0,0
68,Nikolskoye,RU,59.7,30.79,64.0,72,75,2.75,light intensity shower rain,0.0,0
69,Guantanamo,CU,20.14,-75.21,87.8,70,75,9.17,broken clouds,0.0,0
70,Pundaguitan,PH,6.37,126.17,82.44,73,99,4.79,overcast clouds,0.0,0
71,Ilulissat,GL,69.22,-51.1,48.2,70,40,5.82,scattered clouds,0.0,0
72,Malwan,GL,69.22,-51.1,48.2,70,40,5.82,scattered clouds,0.0,0
73,Kerteh,GL,69.22,-51.1,48.2,70,40,5.82,scattered clouds,0.0,0
74,Gorontalo,ID,0.54,123.06,74.16,88,50,2.21,scattered clouds,0.0,0
75,Charters Towers,AU,-20.1,146.27,57.34,37,40,11.36,scattered clouds,0.0,0
76,Ixtapa,MX,20.7,-105.2,88.0,70,75,6.93,broken clouds,0.0,0
77,Coahuayana,MX,18.73,-103.68,75.2,88,75,3.83,broken clouds,0.0,0
78,Butaritari,KI,3.07,172.79,82.69,79,53,15.7,light rain,0.13,0
79,Kutum,SD,14.2,24.67,75.16,63,83,13.42,light rain,0.14,0
80,Port Alfred,ZA,-33.59,26.89,58.84,49,0,19.13,clear sky,0.0,0
81,Port Hardy,CA,50.7,-127.42,57.2,82,75,6.93,broken clouds,0.0,0
82,Bengkulu,ID,-3.8,102.27,75.61,90,89,3.78,overcast clouds,0.0,0
83,New Norfolk,AU,-42.78,147.06,37.99,91,3,1.59,clear sky,0.0,0
84,Illoqqortoormiut,AU,-42.78,147.06,37.99,91,3,1.59,clear sky,0.0,0
85,Asosa,ET,10.07,34.53,62.15,100,92,1.48,light rain,0.41,0
86,Kazbegi,ET,10.07,34.53,62.15,100,92,1.48,light rain,0.0,0
87,Lavrentiya,RU,65.58,-171.0,44.37,78,0,4.45,clear sky,0.0,0
88,Rabo De Peixe,PT,37.8,-25.58,71.6,68,75,11.41,broken clouds,0.0,0
89,Hilo,US,19.73,-155.09,73.0,83,40,4.7,scattered clouds,0.0,0
90,Grand River South East,US,19.73,-155.09,73.0,83,40,4.7,scattered clouds,0.0,0
91,Provideniya,RU,64.38,-173.3,50.81,65,2,3.36,clear sky,0.0,0
92,Asau,RO,46.43,26.4,54.0,93,100,4.68,light rain,0.25,0
93,Avarua,CK,-21.21,-159.78,69.8,88,99,6.93,light rain,0.0,0
94,Atuona,PF,-9.8,-139.03,80.2,75,24,24.09,few clouds,0.0,0
95,Muros,ES,42.78,-9.06,87.01,54,20,12.75,few clouds,0.0,0
96,Karratha,AU,-20.74,116.85,62.85,29,0,12.73,clear sky,0.0,0
97,Souillac,MU,-20.52,57.52,71.6,73,40,17.22,scattered clouds,0.0,0
98,Bathsheba,BB,13.22,-59.52,80.6,88,90,18.34,shower rain,0.0,0
99,Kikwit,CD,-5.04,18.82,83.59,46,44,1.45,scattered clouds,0.0,0
100,Vermilion,US,40.17,-87.75,79.0,69,40,10.2,scattered clouds,0.0,0
101,Bull Savanna,JM,17.89,-77.59,85.03,58,53,15.55,broken clouds,0.0,0
102,Eyrarbakki,IS,63.86,-21.15,54.0,87,90,3.36,light rain,0.0,0
103,Desnogorsk,RU,54.15,33.28,57.67,94,100,8.55,overcast clouds,0.0,0
104,Ust-Nera,RU,64.57,143.2,64.35,43,29,7.11,scattered clouds,0.0,0
105,Itoman,JP,26.12,127.67,84.2,83,20,6.93,few clouds,0.0,0
106,Kemise,ET,10.72,39.87,78.98,37,73,5.55,light rain,0.31,0
107,Tasiilaq,GL,65.61,-37.64,44.6,75,41,11.41,scattered clouds,0.0,0
108,Sturgeon Falls,CA,46.36,-79.93,66.2,77,90,9.17,overcast clouds,0.0,0
109,Kargasok,RU,59.06,80.86,56.34,95,90,7.94,overcast clouds,0.0,0
110,Marawi,PH,8.0,124.29,75.0,86,99,5.01,moderate rain,1.27,0
111,Castro,BR,-24.79,-50.01,66.31,65,40,9.13,scattered clouds,0.0,0
112,Meyungs,BR,-24.79,-50.01,66.31,65,40,9.13,scattered clouds,0.0,0
113,Port Elizabeth,ZA,-33.92,25.57,60.8,63,0,9.17,clear sky,0.0,0
114,Arlit,NE,18.74,7.39,103.3,12,39,4.97,scattered clouds,0.0,0
115,Chokurdakh,RU,70.63,147.92,56.3,63,76,8.86,broken clouds,0.0,0
116,Taoudenni,ML,22.68,-3.98,105.1,20,84,9.98,light rain,0.11,0
117,The Valley,AI,18.22,-63.06,87.8,66,40,17.22,haze,0.0,0
118,Vardo,NO,70.37,31.11,46.4,87,75,9.17,broken clouds,0.0,0
119,Kapaa,US,22.08,-159.32,78.8,74,75,13.87,broken clouds,0.0,0
120,Saint-Ambroise,CA,48.55,-71.33,71.6,88,75,20.8,light intensity shower rain,0.0,0
121,Chirongui,YT,-12.93,45.15,77.0,73,40,8.05,scattered clouds,0.0,0
122,Vanimo,PG,-2.67,141.3,78.39,81,99,0.87,light rain,0.41,0
123,Ruwi,OM,23.6,58.55,89.6,79,99,2.24,overcast clouds,0.0,0
124,Nueve De Julio,AR,-35.44,-60.88,55.99,34,62,3.0,broken clouds,0.0,0
125,Barrow,US,71.29,-156.79,35.6,94,90,8.05,overcast clouds,0.0,0
126,Pochutla,MX,15.74,-96.47,87.8,62,90,5.39,overcast clouds,0.0,0
127,Haibowan,MX,15.74,-96.47,87.8,62,90,5.39,overcast clouds,0.0,0
128,Borujan,MX,15.74,-96.47,87.8,62,90,5.39,overcast clouds,0.0,0
129,Carnarvon,AU,-24.87,113.63,55.4,93,9,6.93,clear sky,0.0,0
130,Igarka,RU,67.47,86.58,52.7,78,40,6.06,scattered clouds,0.0,0
131,Eureka,US,40.8,-124.16,68.0,72,0,5.01,clear sky,0.0,0
132,Saldanha,ZA,-33.01,17.94,57.2,67,0,16.11,clear sky,0.0,0
133,Khatanga,RU,71.97,102.5,52.81,87,100,13.51,overcast clouds,0.0,0
134,Wasilla,US,61.58,-149.44,57.2,93,90,5.82,light rain,0.63,0
135,Methoni,GR,36.82,21.7,82.99,61,20,10.09,few clouds,0.0,0
136,Yellowknife,CA,62.46,-114.35,70.0,55,75,5.82,broken clouds,0.0,0
137,Bac Lieu,VN,9.29,105.72,80.35,83,100,7.65,overcast clouds,0.0,0
138,Attawapiskat,VN,9.29,105.72,80.35,83,100,7.65,overcast clouds,0.0,0
139,Kalmunai,LK,7.42,81.82,83.39,78,95,3.91,overcast clouds,0.0,0
140,Pacific Grove,US,36.62,-121.92,75.99,72,1,4.7,clear sky,0.0,0
141,Kavaratti,IN,10.57,72.64,82.56,77,86,14.94,moderate rain,1.18,0
142,Lebu,CL,-37.62,-73.65,50.49,91,100,1.95,overcast clouds,0.0,0
143,Nakamura,JP,32.98,132.93,71.1,84,100,1.57,overcast clouds,0.0,0
144,Micheweni,TZ,-4.97,39.83,76.37,79,0,14.58,clear sky,0.0,0
145,Panaba,MX,21.28,-88.27,89.89,59,0,2.62,clear sky,0.0,0
146,Cherskiy,RU,68.75,161.3,49.26,94,100,3.04,overcast clouds,0.0,0
147,Vao,NC,-22.67,167.48,71.17,81,1,19.71,clear sky,0.0,0
148,Egvekinot,RU,66.32,-179.17,54.1,52,1,2.59,clear sky,0.0,0
149,Ribeira Grande,PT,38.52,-28.7,75.2,73,20,13.87,few clouds,0.0,0
150,Torbay,CA,47.67,-52.73,68.0,64,75,14.99,broken clouds,0.0,0
151,Rio Gallegos,AR,-51.62,-69.22,32.0,85,0,16.11,clear sky,0.0,0
152,San Carlos De Bariloche,AR,-41.15,-71.31,37.4,51,20,13.87,few clouds,0.0,0
153,Tiksi,RU,71.69,128.87,58.17,90,62,6.71,light rain,0.14,0
154,Bredasdorp,ZA,-34.53,20.04,51.8,66,0,5.88,clear sky,0.0,0
155,Odweyne,SO,9.41,45.06,79.57,42,55,18.23,broken clouds,0.0,0
156,Reshetylivka,UA,49.56,34.08,71.38,59,0,5.93,clear sky,0.0,0
157,Grindavik,IS,63.84,-22.43,50.0,93,90,5.82,light rain,0.0,0
158,Nome,US,64.5,-165.41,60.01,67,1,5.82,clear sky,0.0,0
159,Kolvereid,NO,64.87,11.6,53.6,76,40,11.41,shower rain,0.0,0
160,Udayagiri,IN,20.13,84.38,73.53,86,99,3.0,overcast clouds,0.0,0
161,Malakal,SS,9.53,31.66,72.0,95,100,5.48,overcast clouds,0.0,0
162,Bahia Blanca,AR,-38.72,-62.27,49.86,45,38,19.3,scattered clouds,0.0,0
163,Xining,CN,36.62,101.77,55.51,71,12,2.64,few clouds,0.0,0
164,Namibe,AO,-15.2,12.15,64.98,81,0,9.22,clear sky,0.0,0
165,Iskateley,RU,67.68,53.15,47.28,93,100,20.02,overcast clouds,0.0,0
166,Bilibino,RU,68.05,166.44,57.96,87,100,2.64,overcast clouds,0.0,0
167,Vitim,RU,59.45,112.56,64.0,93,100,1.83,overcast clouds,0.0,0
168,Metro,ID,-5.11,105.31,74.68,87,75,3.69,broken clouds,0.0,0
169,Vernon,CA,50.26,-119.27,68.0,40,40,18.34,scattered clouds,0.0,0
170,Severo-Kurilsk,RU,50.68,156.12,49.69,92,100,8.86,overcast clouds,0.0,0
171,Sentyabrskiy,RU,50.68,156.12,49.69,92,100,8.86,overcast clouds,0.0,0
172,Olafsvik,IS,64.89,-23.71,52.02,76,77,8.9,broken clouds,0.0,0
173,Saint-Philippe,RE,-21.36,55.77,69.8,73,50,8.05,light rain,0.37,0
174,Gat,IL,31.61,34.76,82.0,66,0,3.85,clear sky,0.0,0
175,La Serena,CL,-29.91,-71.25,60.8,72,32,9.17,scattered clouds,0.0,0
176,Tsihombe,CL,-29.91,-71.25,60.8,72,32,9.17,scattered clouds,0.0,0
177,Jalu,LY,29.03,21.55,87.19,22,0,12.88,clear sky,0.0,0
178,East London,ZA,-33.02,27.91,60.94,58,0,22.68,clear sky,0.0,0
179,Vaitupu,ZA,-33.02,27.91,60.94,58,0,22.68,clear sky,0.0,0
180,Eagle Pass,US,28.71,-100.5,89.6,66,75,10.96,broken clouds,0.0,0
181,Iqaluit,CA,63.75,-68.51,59.0,58,75,13.87,broken clouds,0.0,0
182,Port Lincoln,AU,-34.73,135.87,52.83,82,0,4.34,clear sky,0.0,0
183,Mahebourg,MU,-20.41,57.7,71.6,73,40,17.22,scattered clouds,0.0,0
184,Arraial Do Cabo,BR,-22.97,-42.03,87.8,40,75,9.17,broken clouds,0.0,0
185,Port Moresby,PG,-9.44,147.18,74.88,92,27,5.79,light rain,0.17,0
186,Terra Nova,BR,-12.37,-40.67,80.44,45,24,6.2,few clouds,0.0,0
187,Littleton,US,39.61,-105.02,95.0,16,20,6.93,few clouds,0.0,0
188,Fort-De-France,MQ,14.61,-61.07,86.0,84,75,12.75,broken clouds,0.0,0
189,Upernavik,GL,72.79,-56.15,42.3,84,98,9.4,overcast clouds,0.0,0
190,Hithadhoo,MV,-0.6,73.08,85.06,70,84,6.73,broken clouds,0.0,0
191,Saskylakh,RU,71.92,114.08,58.8,76,40,15.93,scattered clouds,0.0,0
192,Coquimbo,CL,-29.95,-71.34,60.8,72,30,9.17,scattered clouds,0.0,0
193,Necochea,AR,-38.55,-58.74,48.99,62,10,14.0,clear sky,0.0,0
194,Samarai,PG,-10.62,150.67,78.04,88,80,19.69,moderate rain,2.73,0
195,Qostanay,KZ,53.17,63.58,71.6,46,9,2.24,clear sky,0.0,0
196,Leningradskiy,RU,69.38,178.42,40.19,76,0,8.63,clear sky,0.0,0
197,Okha,RU,53.57,142.95,48.47,96,68,1.88,broken clouds,0.0,0
198,Fort Nelson,CA,58.81,-122.7,64.4,55,75,8.05,broken clouds,0.0,0
199,Champerico,GT,14.3,-91.92,87.8,62,0,9.17,clear sky,0.0,0
200,Ekibastuz,KZ,51.67,75.37,72.64,72,18,17.11,light rain,0.14,0
201,Constitucion,CL,-35.33,-72.42,58.1,65,100,7.09,overcast clouds,0.0,0
202,Manacapuru,BR,-3.3,-60.62,89.6,55,40,10.29,scattered clouds,0.0,0
203,Salinopolis,BR,-0.61,-47.36,84.33,69,47,9.93,scattered clouds,0.0,0
204,Lages,BR,-27.82,-50.33,65.46,81,57,10.45,light rain,0.48,0
205,Husavik,IS,66.04,-17.34,57.2,71,40,9.17,scattered clouds,0.0,0
206,Nepomuceno,BR,-21.24,-45.24,75.65,43,63,8.48,broken clouds,0.0,0
207,Road Town,VG,18.42,-64.62,87.8,70,20,11.41,few clouds,0.0,0
208,Phan Thiet,VN,10.93,108.1,77.95,88,96,4.52,light rain,0.44,0
209,Itupiranga,BR,-5.13,-49.33,93.2,44,40,4.7,scattered clouds,0.0,0
210,Harnai,PK,30.1,67.94,91.53,30,2,7.67,light rain,0.36,0
211,Rawson,AR,-43.3,-65.1,45.73,53,0,27.25,clear sky,0.0,0
212,Ancud,CL,-41.87,-73.82,44.6,70,40,3.36,scattered clouds,0.0,0
213,Binga,ZW,-17.62,27.34,65.89,33,0,1.57,clear sky,0.0,0
214,Norman Wells,CA,65.28,-126.83,55.4,93,75,6.93,broken clouds,0.0,0
215,Qaqortoq,GL,60.72,-46.03,62.6,55,98,3.36,light rain,0.41,0
216,Quatre Cocos,MU,-20.21,57.76,72.0,73,40,17.22,scattered clouds,0.0,0
217,Brigantine,US,39.41,-74.36,89.6,38,1,11.41,clear sky,0.0,0
218,Cotia,BR,-23.67,-46.95,80.01,39,0,11.41,clear sky,0.0,0
219,Tsiroanomandidy,MG,-18.77,46.03,65.57,52,51,3.04,broken clouds,0.0,0
220,Half Moon Bay,US,37.46,-122.43,73.99,68,5,3.36,clear sky,0.0,0
221,Erzin,TR,36.96,36.2,81.0,87,24,1.99,few clouds,0.0,0
222,Mosquera,CO,4.71,-74.23,62.6,55,75,2.24,shower rain,0.0,0
223,Springfield,US,37.22,-93.3,86.0,42,1,16.11,clear sky,0.0,0
224,Tyup,KG,42.73,78.36,55.22,59,49,5.39,scattered clouds,0.0,0
225,Flinders,AU,-34.58,150.86,51.01,90,98,1.01,moderate rain,1.68,0
226,Alyangula,AU,-13.85,136.42,71.6,60,95,4.7,overcast clouds,0.0,0
227,Wamba,NG,8.93,8.6,77.04,80,100,3.29,overcast clouds,0.0,0
228,Christchurch,NZ,-43.53,172.63,41.0,93,89,5.82,overcast clouds,0.0,0
229,Tabialan,NZ,-43.53,172.63,41.0,93,89,5.82,overcast clouds,0.0,0
230,San Patricio,MX,19.22,-104.7,89.6,70,40,6.93,scattered clouds,0.0,0
231,Freetown,SL,8.48,-13.23,77.34,85,100,10.29,light rain,0.34,0
232,Sur,OM,22.57,59.53,85.78,70,76,15.86,broken clouds,0.0,0
233,Margate,GB,51.38,1.39,69.01,45,63,1.99,broken clouds,0.0,0
234,Katsuura,JP,35.13,140.3,68.0,94,75,14.99,broken clouds,0.0,0
235,Wynyard,AU,-41.0,145.72,43.0,79,5,5.01,clear sky,0.0,0
236,Manggar,ID,-2.88,108.27,81.21,81,97,13.98,light rain,0.18,0
237,Mnogovershinnyy,RU,53.94,139.92,50.79,94,86,1.23,overcast clouds,0.0,0
238,Korla,CN,41.76,86.15,78.01,70,10,5.99,clear sky,0.0,0
239,Ketchikan,US,55.34,-131.65,55.4,87,90,5.82,light rain,0.25,0
240,Miyazu,JP,35.53,135.18,64.0,90,99,1.25,overcast clouds,0.0,0
241,Na Wa,TH,17.49,104.1,78.82,86,91,3.0,light rain,0.64,0
242,Oyama,JP,36.3,139.8,72.0,88,75,9.17,broken clouds,0.0,0
243,Aranos,NA,-24.13,19.12,56.59,31,0,13.6,clear sky,0.0,0
244,San Cristobal,VE,7.77,-72.22,87.8,48,75,6.93,broken clouds,0.0,0
245,Cape Coast,GH,5.11,-1.25,75.47,86,66,11.23,broken clouds,0.0,0
246,Isangel,VU,-19.55,169.27,72.01,79,6,15.66,clear sky,0.0,0
247,Tevaitoa,PF,-16.78,-151.5,79.5,75,99,17.16,overcast clouds,0.0,0
248,Lake Cowichan,CA,48.83,-124.05,64.4,52,75,3.36,broken clouds,0.0,0
249,Belousovka,KZ,50.13,82.52,60.8,72,20,0.31,few clouds,0.0,0
250,Kapit,MY,2.02,112.93,72.75,92,100,1.12,overcast clouds,0.0,0
251,Satitoa,MY,2.02,112.93,72.75,92,100,1.12,overcast clouds,0.0,0
252,Srednekolymsk,RU,67.45,153.68,60.55,64,0,4.34,clear sky,0.0,0
253,Cidreira,BR,-30.18,-50.21,61.0,93,87,8.55,overcast clouds,0.0,0
254,Cruden Bay,BR,-30.18,-50.21,61.0,93,87,8.55,overcast clouds,0.0,0
255,Port Macquarie,AU,-31.43,152.92,46.0,98,6,6.38,clear sky,0.0,0
256,Bethel,US,41.37,-73.41,84.0,57,75,9.17,broken clouds,0.0,0
257,Madison,US,34.73,-86.57,69.8,94,90,9.17,heavy intensity rain,9.91,0
258,Agara,GE,42.04,43.82,70.39,64,100,2.55,overcast clouds,0.0,0
259,Kedrovyy,RU,56.17,91.82,53.6,93,1,2.51,clear sky,0.0,0
260,Aden,YE,12.78,45.04,88.2,71,2,9.44,clear sky,0.0,0
261,College,US,64.86,-147.8,61.0,62,75,4.7,broken clouds,0.0,0
262,Clemson,US,34.68,-82.84,89.01,51,1,6.93,clear sky,0.0,0
263,Mendahara,US,34.68,-82.84,89.01,51,1,6.93,clear sky,0.0,0
264,Kulhudhuffushi,MV,6.62,73.07,83.89,69,93,3.78,overcast clouds,0.0,0
265,Kamaishi,JP,39.27,141.88,60.71,86,34,5.14,scattered clouds,0.0,0
266,Padang,ID,-0.95,100.35,78.01,80,89,5.5,overcast clouds,0.0,0
267,Altoona,US,40.52,-78.39,86.0,51,3,1.01,clear sky,0.0,0
268,Tacuarembo,UY,-31.73,-55.98,58.57,53,47,7.94,scattered clouds,0.0,0
269,Singleton,AU,-32.57,151.18,46.0,84,29,1.01,scattered clouds,0.0,0
270,Laibin,CN,23.7,109.27,78.19,92,93,8.28,light rain,0.23,0
271,Camopi,GF,3.17,-52.32,80.38,91,27,3.71,moderate rain,1.18,0
272,Codrington,AU,-38.27,141.97,44.04,90,0,2.68,clear sky,0.0,0
273,Lazaro Cardenas,MX,17.96,-102.2,87.19,61,99,3.98,overcast clouds,0.0,0
274,Hamilton,US,39.18,-84.53,82.0,57,20,4.7,few clouds,0.0,0
275,Zhigansk,RU,66.77,123.37,58.37,66,29,4.41,scattered clouds,0.0,0
276,Luang Prabang,LA,19.89,102.13,72.97,89,100,1.32,overcast clouds,0.0,0
277,Bay Roberts,CA,47.6,-53.26,69.01,66,63,14.7,broken clouds,0.0,0
278,Ostrovnoy,RU,68.05,39.51,49.8,88,90,11.92,overcast clouds,0.0,0
279,Mount Isa,AU,-20.73,139.5,50.0,57,0,9.17,clear sky,0.0,0
280,Kichmengskiy Gorodok,RU,59.98,45.79,59.59,82,7,3.15,clear sky,0.0,0
281,Nueva Loja,EC,0.08,-76.88,89.6,45,9,2.82,clear sky,0.0,0
282,Atasu,KZ,48.68,71.64,72.27,62,28,8.28,scattered clouds,0.0,0
283,Magelang,ID,-7.47,110.22,70.39,87,44,1.36,scattered clouds,0.0,0
284,Komsomolskiy,UZ,40.43,71.72,80.6,42,100,2.24,overcast clouds,0.0,0
285,Azimur,UZ,40.43,71.72,80.6,42,100,2.24,overcast clouds,0.0,0
286,Sankheda,IN,22.17,73.58,83.91,74,52,16.24,broken clouds,0.0,0
287,Bend,US,44.06,-121.32,70.0,34,1,3.36,clear sky,0.0,0
288,Victoria,HK,22.29,114.16,82.99,80,26,4.0,scattered clouds,0.0,0
289,Nova Olinda Do Norte,BR,-3.89,-59.09,92.34,45,79,5.1,broken clouds,0.0,0
290,Batagay-Alyta,RU,67.8,130.41,59.9,84,8,3.62,clear sky,0.0,0
291,Waddan,LY,29.16,16.14,90.99,23,0,13.24,clear sky,0.0,0
292,Skalistyy,LY,29.16,16.14,90.99,23,0,13.24,clear sky,0.0,0
293,Baykit,RU,61.67,96.37,54.36,88,31,2.13,scattered clouds,0.0,0
294,Ahuimanu,US,21.44,-157.84,80.01,61,20,13.87,few clouds,0.0,0
295,Mingguang,CN,32.78,117.96,71.64,93,100,8.16,overcast clouds,0.0,0
296,Russell,US,32.35,-85.2,93.99,52,20,1.28,few clouds,0.0,0
297,Barentsburg,US,32.35,-85.2,93.99,52,20,1.28,few clouds,0.0,0
298,Krasnoarmeysk,RU,51.02,45.7,77.0,54,49,5.99,light rain,0.25,0
299,Tessalit,ML,20.2,1.01,102.25,17,46,17.0,scattered clouds,0.0,0
300,Tazovskiy,RU,67.47,78.7,50.47,72,98,2.19,overcast clouds,0.0,0
301,Daru,PG,-9.08,143.21,77.05,89,99,16.06,moderate rain,1.24,0
302,Lososina,RU,49.0,140.31,53.37,93,33,0.72,scattered clouds,0.0,0
303,Beroroha,MG,-21.67,45.17,73.47,44,55,7.23,broken clouds,0.0,0
304,Pangody,RU,65.85,74.49,57.92,74,85,5.21,overcast clouds,0.0,0
305,Cockburn Town,TC,21.46,-71.14,87.8,62,40,14.99,scattered clouds,0.0,0
306,Tomatlan,MX,19.93,-105.25,83.35,72,96,3.96,light rain,0.53,0
307,Pauini,BR,-7.71,-66.98,94.8,41,14,1.68,few clouds,0.0,0
308,Cayenne,GF,4.93,-52.33,86.0,74,19,11.41,light rain,0.57,0
309,Prado,BR,-17.34,-39.22,76.6,69,30,7.52,scattered clouds,0.0,0
310,Ossora,RU,59.24,163.07,52.36,90,90,7.92,overcast clouds,0.0,0
311,Alofi,NU,-19.06,-169.92,71.6,88,88,19.46,overcast clouds,0.0,0
312,Mopti,ML,14.67,-4.0,99.81,26,20,8.63,few clouds,0.0,0
313,Traverse City,US,44.76,-85.62,72.0,60,75,13.87,broken clouds,0.0,0
314,Lolua,US,44.76,-85.62,72.0,60,75,13.87,broken clouds,0.0,0
315,Cockburn Harbour,US,44.76,-85.62,72.0,60,75,13.87,broken clouds,0.0,0
316,Yazd,IR,31.9,54.37,91.4,22,40,2.24,scattered clouds,0.0,0
317,Ucluelet,CA,48.93,-125.55,61.0,93,75,5.82,broken clouds,0.0,0
318,Leua,SK,48.22,18.61,71.01,33,22,5.46,few clouds,0.0,0
319,Moindou,NC,-21.69,165.68,60.8,87,75,3.36,broken clouds,0.0,0
320,Vanino,RU,49.09,140.25,51.94,95,38,1.01,scattered clouds,0.0,0
321,Cap-Aux-Meules,CA,47.38,-61.86,69.8,94,90,18.34,light intensity shower rain,0.0,0
322,Touros,BR,-5.2,-35.46,82.4,61,40,12.75,scattered clouds,0.0,0
323,Westport,US,41.14,-73.36,86.0,58,75,13.87,broken clouds,0.0,0
324,Roald,NO,62.58,6.13,55.4,62,20,9.17,few clouds,0.0,0
325,Luderitz,NA,-26.65,15.16,59.0,77,0,3.36,clear sky,0.0,0
326,Terralba,IT,39.72,8.64,91.4,24,5,13.87,clear sky,0.0,0
327,Asilah,MA,35.47,-6.03,82.4,61,1,19.46,clear sky,0.0,0
328,Ormara,PK,25.21,64.64,84.31,80,85,16.06,overcast clouds,0.0,0
329,Ryotsu,JP,38.08,138.43,64.4,93,95,1.12,overcast clouds,0.0,0
330,Satka,RU,55.04,59.04,64.33,87,2,1.59,clear sky,0.0,0
331,San Rafael Del Sur,NI,11.85,-86.44,86.0,62,40,13.87,scattered clouds,0.0,0
332,Santa Rosa,PH,14.31,121.11,82.99,90,100,1.01,overcast clouds,0.0,0
333,Salalah,OM,17.02,54.09,82.4,88,75,4.7,broken clouds,0.0,0
334,Hualmay,PE,-11.1,-77.61,66.36,65,57,8.77,broken clouds,0.0,0
335,Port Hedland,AU,-20.32,118.57,57.2,26,8,8.05,clear sky,0.0,0
336,Shelburne,CA,44.08,-80.2,77.0,69,20,8.05,few clouds,0.0,0
337,Kefamenanu,ID,-9.45,124.48,69.22,93,78,4.43,broken clouds,0.0,0
338,Bambous Virieux,MU,-20.34,57.76,72.0,73,40,17.22,scattered clouds,0.0,0
339,Kahului,US,20.89,-156.47,78.8,57,20,16.11,few clouds,0.0,0
340,Abnub,EG,27.27,31.15,95.0,32,0,11.41,clear sky,0.0,0
341,Awjilah,LY,29.11,21.29,86.49,27,0,19.08,clear sky,0.0,0
342,Tommot,RU,58.96,126.29,67.95,66,4,1.52,clear sky,0.0,0
343,Zadar,HR,44.12,15.24,78.8,31,0,12.75,clear sky,0.0,0
344,Waingapu,ID,-9.66,120.26,74.64,80,55,7.76,broken clouds,0.0,0
345,Roebourne,AU,-20.78,117.13,62.87,29,0,11.97,clear sky,0.0,0
346,Waw,SS,7.7,28.0,71.91,96,100,2.48,overcast clouds,0.0,0
347,Jos,NG,9.92,8.9,66.63,94,100,1.86,light rain,0.32,0
348,Aguimes,ES,27.91,-15.45,78.01,69,20,27.51,few clouds,0.0,0
349,Codajas,BR,-3.84,-62.06,89.06,57,26,4.05,light rain,0.25,0
350,Valparaiso,CL,-33.04,-71.63,71.6,58,100,11.41,overcast clouds,0.0,0
351,La Peca,PE,-5.61,-78.44,82.29,53,35,2.95,light rain,0.49,0
352,Alice Springs,AU,-23.7,133.88,35.6,69,0,6.42,clear sky,0.0,0
353,Kamenskoye,AU,-23.7,133.88,35.6,69,0,6.42,clear sky,0.0,0
354,Halalo,AU,-23.7,133.88,35.6,69,0,6.42,clear sky,0.0,0
355,Chuy,UY,-33.7,-53.46,54.82,62,54,9.66,broken clouds,0.0,0
356,Tupaciguara,BR,-18.59,-48.7,80.6,32,94,9.17,overcast clouds,0.0,0
357,Adzope,CI,6.11,-3.86,76.12,93,57,2.82,light rain,0.5,0
358,Sao Filipe,CV,14.9,-24.5,74.5,78,28,10.4,scattered clouds,0.0,0
359,Lillooet,CA,50.69,-121.94,66.2,52,1,20.8,clear sky,0.0,0
360,Indi,IN,17.17,75.97,78.62,77,100,15.86,light rain,0.19,0
361,Rura,IN,26.48,79.9,92.41,52,29,7.05,scattered clouds,0.0,0
362,Kuruman,ZA,-27.45,23.43,46.0,39,0,10.27,clear sky,0.0,0
363,Fortuna,US,40.6,-124.16,68.0,68,20,6.93,few clouds,0.0,0
364,Sitka,US,57.05,-135.33,55.4,87,75,2.93,broken clouds,0.0,0
365,Balkanabat,TM,39.51,54.37,82.65,49,99,12.35,overcast clouds,0.0,0
366,Flin Flon,CA,54.77,-101.86,71.6,60,75,9.17,broken clouds,0.0,0
367,Ban Nahin,LA,18.24,104.21,76.48,86,66,1.99,broken clouds,0.0,0
368,Pisco,PE,-13.7,-76.22,64.99,77,15,9.17,haze,0.0,0
369,Kampot,KH,10.62,104.18,79.99,82,100,5.14,overcast clouds,0.0,0
370,Lodja,CD,-3.48,23.43,78.08,63,60,0.92,broken clouds,0.0,0
371,Bontang,ID,0.13,117.5,74.46,91,88,5.03,overcast clouds,0.0,0
372,Hasaki,JP,35.73,140.83,64.4,100,75,6.93,shower rain,0.0,0
373,Lima,PE,-12.04,-77.03,62.6,77,90,6.93,haze,0.0,0
374,Tezu,IN,27.92,96.17,75.74,84,100,2.35,light rain,0.41,0
375,Andapa,MG,-14.65,49.65,60.98,89,14,1.95,few clouds,0.0,0
376,Umm Lajj,SA,25.02,37.27,83.59,72,23,4.63,few clouds,0.0,0
377,Deputatskiy,RU,69.3,139.9,55.96,73,13,2.44,few clouds,0.0,0
378,Askarovo,RU,53.34,58.51,77.0,53,40,6.71,scattered clouds,0.0,0
379,Kidal,ML,18.44,1.41,98.62,20,48,15.75,scattered clouds,0.0,0
380,Severomuysk,RU,56.15,113.43,54.97,81,58,1.16,broken clouds,0.0,0
381,Ballina,AU,-28.87,153.57,57.99,100,100,6.15,overcast clouds,0.0,0
382,Susehri,TR,40.16,38.09,65.14,75,6,5.1,clear sky,0.0,0
383,Berlevag,NO,70.86,29.09,46.4,87,75,9.17,broken clouds,0.0,0
384,Angoche,MZ,-16.23,39.91,73.11,80,0,8.55,clear sky,0.0,0
385,Tahta,EG,26.77,31.5,95.0,17,0,12.75,clear sky,0.0,0
386,Senanga,ZM,-16.12,23.27,62.73,29,0,6.55,clear sky,0.0,0
387,Broome,US,42.25,-75.83,82.99,54,40,8.05,scattered clouds,0.0,0
388,Oktyabrskoye,RU,43.06,44.74,75.2,73,40,4.47,scattered clouds,0.0,0
389,Seoul,KR,37.57,126.98,69.8,88,90,14.43,moderate rain,0.0,0
390,Talara,PE,-4.58,-81.27,67.19,76,31,17.74,scattered clouds,0.0,0
391,Gimli,CA,50.63,-96.99,80.01,93,76,4.0,light rain,0.12,0
392,Niamey,NE,13.51,2.11,80.6,69,40,40.26,thunderstorm with rain,0.0,0
393,Huitzo,MX,19.97,-102.07,75.2,60,90,6.93,overcast clouds,0.0,0
394,Dunedin,NZ,-45.87,170.5,41.0,69,1,14.0,clear sky,0.0,0
395,Varzea Da Palma,BR,-17.6,-44.73,84.9,25,0,2.71,clear sky,0.0,0
396,Mrirt,BR,-17.6,-44.73,84.9,25,0,2.71,clear sky,0.0,0
397,Shimoda,JP,34.67,138.95,64.0,95,100,1.01,overcast clouds,0.0,0
398,Aflu,JP,34.67,138.95,64.0,95,100,1.01,overcast clouds,0.0,0
399,Moose Factory,CA,51.26,-80.61,51.8,100,90,5.82,thunderstorm with light rain,0.0,0
400,Sambava,MG,-14.27,50.17,71.47,84,5,11.1,light rain,0.64,0
401,Temaraia,MG,-14.27,50.17,71.47,84,5,11.1,light rain,0.0,0
402,Aketi,CD,2.74,23.78,77.38,74,70,1.19,broken clouds,0.0,0
403,Kamina,CD,-8.74,24.99,71.37,35,0,3.02,clear sky,0.0,0
404,Changji,CN,44.02,87.32,69.8,56,100,6.71,overcast clouds,0.0,0
405,Hay River,CA,60.82,-115.8,62.6,77,90,2.24,shower rain,0.0,0
406,Kontagora,NG,10.4,5.47,77.67,85,85,3.85,light rain,0.82,0
407,Florida,US,28.75,-82.5,97.0,46,75,5.82,broken clouds,0.0,0
408,Kaminskiy,RU,57.15,41.47,66.09,91,58,4.34,broken clouds,0.0,0
409,Zemio,CF,5.03,25.14,71.1,93,71,3.47,broken clouds,0.0,0
410,Jieshi,CN,22.81,115.83,82.87,85,47,7.9,scattered clouds,0.0,0
411,Wewak,PG,-3.55,143.63,78.8,81,96,0.67,light rain,0.44,0
412,Walvis Bay,NA,-22.96,14.51,55.99,82,0,9.17,clear sky,0.0,0
413,Kununurra,AU,-15.77,128.73,69.8,27,98,9.17,overcast clouds,0.0,0
414,Clyde River,CA,70.47,-68.59,46.4,87,40,11.41,scattered clouds,0.0,0
415,Zolotyy Potik,UA,48.91,25.34,57.2,82,75,6.71,broken clouds,0.0,0
416,Manta,EC,-0.95,-80.73,77.2,77,91,10.09,overcast clouds,0.0,0
417,Bambanglipuro,ID,-7.95,110.28,73.9,87,32,5.46,scattered clouds,0.0,0
418,Aksu,CN,41.12,80.26,78.66,28,16,15.9,few clouds,0.0,0
419,Ksenyevka,CN,41.12,80.26,78.66,28,16,15.9,few clouds,0.0,0
420,Yerbogachen,RU,61.28,108.01,55.67,81,1,3.29,clear sky,0.0,0
421,Kodiak,US,57.79,-152.41,53.6,87,90,4.7,mist,0.0,0
422,Salamanca,ES,40.83,-6.0,79.0,46,78,6.24,broken clouds,0.0,0
423,Cervo,ES,43.67,-7.41,70.0,72,1,20.0,clear sky,0.0,0
424,Kingman,US,35.19,-114.05,106.0,14,1,3.36,clear sky,0.0,0
425,Louisbourg,US,35.19,-114.05,106.0,14,1,3.36,clear sky,0.0,0
426,Portland,US,45.52,-122.68,68.0,68,90,1.77,overcast clouds,0.0,0
427,Tocopilla,CL,-22.09,-70.2,65.75,47,14,3.53,few clouds,0.0,0
428,Zavoi,RO,45.52,22.42,56.68,87,84,2.3,broken clouds,0.0,0
429,Puerto Quijarro,BO,-17.78,-57.77,94.91,28,17,7.61,few clouds,0.0,0
430,Washington,US,47.5,-120.5,73.0,41,100,4.0,overcast clouds,0.0,0
431,Ilam,NP,26.92,87.92,78.8,88,90,2.24,mist,0.0,0
432,Palabuhanratu,NP,26.92,87.92,78.8,88,90,2.24,mist,0.0,0
433,Pangkalanbuun,ID,-2.68,111.62,73.98,95,99,2.08,overcast clouds,0.0,0
434,Fort Wellington,GY,6.4,-57.6,83.82,73,24,9.6,light rain,0.25,0
435,Alta Floresta,BR,-9.88,-56.09,96.8,30,20,4.7,few clouds,0.0,0
436,Pemangkat,ID,1.17,108.97,76.73,89,89,5.61,overcast clouds,0.0,0
437,Baoning,CN,25.34,110.03,77.0,94,40,2.24,scattered clouds,0.0,0
438,Platteville,US,42.73,-90.48,79.0,65,40,6.93,scattered clouds,0.0,0
439,Knysna,ZA,-34.04,23.05,50.0,87,0,5.82,clear sky,0.0,0
440,Naze,JP,28.37,129.48,82.4,88,40,6.93,scattered clouds,0.0,0
441,Umm Durman,JP,28.37,129.48,82.4,88,40,6.93,scattered clouds,0.0,0
442,Sande,DE,53.5,8.01,66.99,51,18,8.05,few clouds,0.0,0
443,Acapulco,MX,16.86,-99.89,87.8,66,75,8.05,broken clouds,0.0,0
444,Howard Springs,AU,-12.5,131.05,73.4,69,100,6.93,overcast clouds,0.0,0
445,Comodoro Rivadavia,AR,-45.87,-67.5,46.4,36,20,16.11,few clouds,0.0,0
446,Santa Vitoria Do Palmar,BR,-33.52,-53.37,55.17,61,47,9.24,scattered clouds,0.0,0
447,Omboue,GA,-1.57,9.26,73.36,87,87,9.73,overcast clouds,0.0,0
448,Chicama,PE,-7.84,-79.15,72.55,58,22,10.49,few clouds,0.0,0
449,Meulaboh,ID,4.14,96.13,76.95,89,100,5.79,overcast clouds,0.0,0
450,Mandera,KE,3.94,41.87,85.8,47,66,13.4,broken clouds,0.0,0
451,Schoneiche,DE,52.47,13.68,68.0,42,38,11.41,scattered clouds,0.0,0
452,Henties Bay,NA,-22.12,14.28,55.99,91,0,7.0,clear sky,0.0,0
453,Pawayan,IN,28.07,80.1,89.46,61,63,0.2,moderate rain,1.33,0
454,Fuerte Olimpo,PY,-21.04,-57.87,91.33,37,0,8.9,clear sky,0.0,0
455,Ambur,IN,12.78,78.7,80.28,69,60,7.94,broken clouds,0.0,0
456,Menongue,AO,-14.66,17.69,62.1,29,0,5.7,clear sky,0.0,0
457,Awbari,LY,26.59,12.78,91.53,11,0,5.39,clear sky,0.0,0
458,Mala Tokmachka,UA,47.54,35.89,80.6,39,32,8.95,scattered clouds,0.0,0
459,Kamenka,RU,51.32,42.77,78.01,53,15,1.01,few clouds,0.0,0
460,Bisceglie,IT,41.24,16.5,78.01,53,0,12.75,clear sky,0.0,0
461,Phatthalung,TH,7.5,100.08,76.89,87,100,3.96,overcast clouds,0.0,0
462,Tangier,MA,35.78,-5.81,82.4,61,0,19.46,clear sky,0.0,0
463,Zhitikara,MA,35.78,-5.81,82.4,61,0,19.46,clear sky,0.0,0
464,Tateyama,JP,34.98,139.87,70.0,91,100,3.0,overcast clouds,0.0,0
465,Morondava,MG,-20.28,44.28,73.85,76,0,14.16,clear sky,0.0,0
466,Anandnagar,IN,27.1,83.28,84.2,100,40,2.24,thunderstorm,0.0,0
467,Karkaralinsk,IN,27.1,83.28,84.2,100,40,2.24,thunderstorm,0.0,0
468,Iquitos,PE,-3.75,-73.25,86.0,66,75,4.7,broken clouds,0.0,0
469,Eravur,LK,7.77,81.61,83.1,77,95,5.82,overcast clouds,0.0,0
470,Chumphon,TH,10.33,98.83,74.25,97,100,4.18,overcast clouds,0.0,0
471,Malinyi,TZ,-8.93,36.13,70.88,69,6,3.2,clear sky,0.0,0
472,Sungaipenuh,ID,-2.08,101.38,64.62,94,91,1.92,light rain,0.41,0
473,San Policarpo,PH,12.18,125.51,79.77,84,99,5.37,moderate rain,1.04,0
474,Beringovskiy,RU,63.05,179.32,49.12,86,94,7.99,overcast clouds,0.0,0
475,Mayya,RU,61.73,130.28,69.8,88,96,4.47,overcast clouds,0.0,0
476,Canto Do Buriti,BR,-8.11,-42.94,90.7,35,15,8.95,few clouds,0.0,0
477,Kundiawa,PG,-6.02,144.97,59.2,78,99,1.63,overcast clouds,0.0,0
478,Wichita Falls,US,33.91,-98.49,93.2,41,1,8.05,clear sky,0.0,0
479,Ardistan,US,33.91,-98.49,93.2,41,1,8.05,clear sky,0.0,0
480,Campo Bom,BR,-29.68,-51.05,57.99,91,93,1.99,overcast clouds,0.0,0
481,Mandalgovi,MN,45.76,106.27,65.7,60,83,0.29,broken clouds,0.0,0
482,Carballo,ES,43.21,-8.69,80.6,51,0,8.05,clear sky,0.0,0
483,Key West,US,24.56,-81.78,89.6,62,20,13.87,light rain,0.25,0
484,Varkkallai,IN,8.73,76.71,82.4,83,75,4.7,mist,0.0,0
485,Tondano,ID,1.3,124.91,75.2,100,20,1.12,light rain,0.0,0
486,Alnavar,IN,15.43,74.73,73.24,87,100,7.9,overcast clouds,0.0,0
487,Griffith,US,41.53,-87.42,77.0,73,40,11.41,scattered clouds,0.0,0
488,Grand-Lahou,CI,5.14,-5.02,76.86,81,69,8.34,broken clouds,0.0,0
489,Brive-La-Gaillarde,FR,45.25,1.5,82.99,41,0,7.0,clear sky,0.0,0
490,Hunza,FR,45.25,1.5,82.99,41,0,7.0,clear sky,0.0,0
491,Aklavik,CA,68.22,-135.01,51.8,81,75,4.7,broken clouds,0.0,0
492,Filingue,NE,14.35,3.32,97.0,32,2,7.7,clear sky,0.0,0
493,Sioux Lookout,CA,50.1,-91.92,68.0,68,75,4.7,broken clouds,0.0,0
494,Anadyr,RU,64.75,177.48,50.0,81,100,2.24,fog,0.0,0
495,Nola,IT,40.92,14.53,84.2,54,20,5.82,few clouds,0.0,0
496,Orasac,BA,44.63,16.07,62.47,57,0,7.63,clear sky,0.0,0
497,Miri,MY,4.41,114.01,78.8,94,40,2.24,scattered clouds,0.0,0
498,Ugoofaaru,MV,5.67,73.0,83.97,68,99,1.83,overcast clouds,0.0,0
499,Dinguiraye,GN,11.3,-10.72,78.62,86,80,4.16,moderate rain,2.8,0
500,Usakos,NA,-22.0,15.6,54.1,42,0,3.83,clear sky,0.0,0
501,Brebu,RO,45.42,21.99,66.2,63,97,11.41,overcast clouds,0.0,0
502,Lydenburg,ZA,-25.1,30.46,48.99,40,0,1.01,clear sky,0.0,0
503,Kalininsk,RU,51.5,44.48,71.33,89,17,7.2,moderate rain,2.68,0
504,Jumla,NP,29.27,82.18,59.61,71,77,1.34,broken clouds,0.0,0
505,Den Helder,NL,52.96,4.76,64.0,59,90,9.17,overcast clouds,0.0,0
506,Tautira,PF,-17.73,-149.15,77.0,69,75,1.12,broken clouds,0.0,0
507,Verkhoyansk,RU,67.54,133.38,64.94,84,68,1.72,broken clouds,0.0,0
508,Marathon,US,44.9,-89.77,75.99,49,75,6.93,broken clouds,0.0,0
509,Sibu,MY,2.3,111.82,77.0,94,40,2.86,scattered clouds,0.0,0
510,Bonavista,CA,48.65,-53.11,66.0,75,56,8.99,broken clouds,0.0,0
511,Gorno-Chuyskiy,CA,48.65,-53.11,66.0,75,56,8.99,broken clouds,0.0,0
512,Roura,GF,4.73,-52.33,86.0,74,30,11.41,light rain,0.97,0
513,Borgarnes,IS,64.54,-21.92,54.0,87,90,3.36,light rain,0.0,0
514,Dongsheng,CN,39.82,109.98,59.72,90,75,1.45,broken clouds,0.0,0
515,Shillong,IN,25.57,91.88,82.4,100,75,4.14,mist,0.0,0
516,Muzhi,RU,65.37,64.67,56.19,95,76,7.27,light rain,0.23,0
517,Kloulklubed,PW,7.04,134.26,77.0,94,75,3.36,broken clouds,0.0,0
518,Lisakovsk,KZ,52.54,62.49,70.43,58,0,7.67,clear sky,0.0,0
519,Bubaque,GW,11.28,-15.83,78.24,88,100,18.1,light rain,0.4,0
520,Bousso,TD,10.48,16.71,80.65,70,33,4.38,scattered clouds,0.0,0
521,Alimpesti,RO,45.08,23.8,65.37,78,25,4.09,light rain,0.33,0
522,Eyl,SO,7.98,49.82,84.81,59,86,27.02,overcast clouds,0.0,0
523,Szprotawa,PL,51.57,15.54,69.01,45,63,5.01,broken clouds,0.0,0
524,Chumikan,RU,54.72,135.31,47.57,94,15,1.48,few clouds,0.0,0
525,Marion,US,39.77,-86.16,81.0,57,40,6.93,scattered clouds,0.0,0
526,Laguna,US,38.42,-121.42,88.0,20,5,3.36,clear sky,0.0,0
527,Narsaq,GL,60.92,-46.05,62.6,55,99,3.36,light rain,0.28,0
528,Shellbrook,CA,53.22,-106.4,69.8,73,90,6.93,overcast clouds,0.0,0
529,Zlobin,HR,45.29,14.65,75.0,33,0,17.22,clear sky,0.0,0
530,Karumbakkam,IN,12.7,80.09,82.4,88,40,2.24,scattered clouds,0.0,0
531,Kalamakion,IN,12.7,80.09,82.4,88,40,2.24,scattered clouds,0.0,0
532,Bilma,NE,18.69,12.92,94.24,23,32,3.89,scattered clouds,0.0,0
533,Hermiston,US,45.84,-119.29,73.0,46,1,10.29,clear sky,0.0,0
534,Whitianga,NZ,-36.83,175.7,52.0,95,93,12.84,overcast clouds,0.0,0
535,Yar-Sale,RU,66.83,70.83,55.24,83,78,8.41,light rain,0.64,0
536,Margaride,PT,41.37,-8.2,91.0,47,1,3.0,clear sky,0.0,0
537,Maceio,BR,-9.67,-35.74,82.4,61,75,14.99,broken clouds,0.0,0
538,Kovur,IN,14.48,79.98,86.16,69,74,8.37,light rain,0.39,0
539,Palana,RU,59.12,159.97,52.72,94,99,3.4,overcast clouds,0.0,0
540,Cap Malheureux,MU,-19.98,57.61,72.0,72,0,8.01,clear sky,0.0,0
541,Lake Havasu City,US,34.48,-114.32,109.0,14,1,8.05,clear sky,0.0,0
542,Warqla,US,34.48,-114.32,109.0,14,1,8.05,clear sky,0.0,0
543,Talnakh,RU,69.49,88.4,55.4,87,62,8.95,broken clouds,0.0,0
544,Xunchang,CN,28.45,104.72,72.86,90,100,2.48,overcast clouds,0.0,0
545,Dzhusaly,CN,28.45,104.72,72.86,90,100,2.48,overcast clouds,0.0,0
546,Mama,RU,58.31,112.9,63.59,84,70,1.59,broken clouds,0.0,0
547,Hala,PK,25.81,68.42,98.6,44,8,13.87,haze,0.0,0
548,Nouadhibou,MR,20.93,-17.03,80.6,61,9,8.05,clear sky,0.0,0
549,Harper,LR,4.38,-7.72,77.86,73,73,7.67,broken clouds,0.0,0
550,Yuancheng,CN,36.65,107.79,62.65,85,25,3.09,scattered clouds,0.0,0
551,Dinghai,CN,26.28,119.79,80.6,88,93,4.47,overcast clouds,0.0,0
552,Sorland,NO,67.67,12.69,53.6,76,40,8.05,scattered clouds,0.0,0
553,Ranong,TH,9.97,98.63,79.39,86,100,7.58,light rain,0.59,0
554,Bardiyah,LY,31.76,25.09,75.24,82,0,16.58,clear sky,0.0,0
555,Emba,KZ,48.83,58.14,90.27,27,37,11.14,scattered clouds,0.0,0
556,Kodinsk,RU,58.69,99.18,54.79,80,35,1.7,scattered clouds,0.0,0
557,Ternate,ID,0.8,127.4,80.55,76,100,2.59,overcast clouds,0.0,0
558,Quibdo,CO,5.69,-76.66,62.6,100,75,5.82,fog,0.0,0
559,Hovd,MN,48.01,91.64,60.46,70,82,2.1,broken clouds,0.0,0
560,Tres Arroyos,AR,-38.37,-60.28,47.98,49,0,22.73,clear sky,0.0,0
561,Calvinia,ZA,-31.47,19.78,50.07,47,15,14.58,few clouds,0.0,0
562,Karsun,RU,54.2,46.98,63.63,80,0,4.0,clear sky,0.0,0
563,Ratlam,IN,23.32,75.07,80.87,76,100,15.28,overcast clouds,0.0,0
564,Fairmont,US,39.49,-80.14,81.0,62,97,6.06,moderate rain,1.44,0
565,Kabare,CD,-2.47,28.82,62.37,81,40,1.68,light rain,0.21,0
566,Newport,GB,51.59,-3.0,70.0,52,62,11.41,broken clouds,0.0,0
567,Shache,CN,38.42,77.24,75.63,24,100,2.13,overcast clouds,0.0,0
568,Madimba,TZ,-10.4,40.33,72.28,86,7,8.48,clear sky,0.0,0
569,Khartoum,SD,15.55,32.53,95.0,32,82,18.34,broken clouds,0.0,0
570,Narasapur,IN,16.45,81.67,84.31,80,100,6.73,light rain,0.2,0
571,Maniitsoq,GL,65.42,-52.9,47.19,74,83,14.81,broken clouds,0.0,0
572,Fomboni,KM,-12.28,43.74,77.85,79,12,11.05,few clouds,0.0,0
573,Yumen,CN,40.28,97.2,74.46,25,86,5.28,overcast clouds,0.0,0
574,Mayna,RU,54.11,47.62,63.77,80,0,5.84,clear sky,0.0,0
575,Ayan,RU,56.45,138.17,51.76,89,62,3.36,broken clouds,0.0,0
576,Lata,PT,40.16,-8.33,90.0,50,0,7.85,clear sky,0.0,0
577,Tornio,FI,65.85,24.15,59.0,82,85,3.36,overcast clouds,0.0,0
578,Muli,MV,2.92,73.57,84.52,68,98,5.61,overcast clouds,0.0,0
579,Shenkursk,RU,62.11,42.9,60.51,69,94,2.53,overcast clouds,0.0,0
580,Pudozh,RU,61.81,36.53,60.49,70,100,3.4,overcast clouds,0.0,0
581,Kurilsk,RU,45.23,147.88,51.37,92,85,3.71,overcast clouds,0.0,0
582,Guane,CU,22.2,-84.09,86.59,68,94,1.12,moderate rain,1.45,0
583,Viligili,CU,22.2,-84.09,86.59,68,94,1.12,moderate rain,0.0,0
584,Mouila,GA,-1.87,11.06,75.25,80,66,3.11,broken clouds,0.0,0
585,Slave Lake,CA,55.28,-114.77,60.8,67,40,20.8,scattered clouds,0.0,0
586,Tarragona,ES,41.13,1.25,79.0,88,40,2.24,light intensity shower rain,0.0,0
587,Atar,MR,20.52,-13.05,98.6,28,76,7.83,broken clouds,0.0,0
588,Agdas,AZ,40.65,47.48,78.8,50,20,9.15,few clouds,0.0,0
589,Pemberton,CA,50.32,-122.8,51.8,87,90,5.82,overcast clouds,0.0,0
590,Baruun-Urt,MN,46.68,113.28,66.04,69,100,12.06,light rain,0.39,0
591,Gezing,AT,47.92,13.13,69.8,40,20,5.82,few clouds,0.0,0
592,Nagua,DO,19.38,-69.85,82.4,88,40,8.05,shower rain,0.0,0
593,Seica Mica,RO,46.05,24.13,61.0,72,75,6.93,light intensity shower rain,0.0,0
594,Higuey,RO,46.05,24.13,61.0,72,75,6.93,light intensity shower rain,0.0,0
595,Artyk,RO,46.05,24.13,61.0,72,75,6.93,light intensity shower rain,0.0,0
596,Lorengau,PG,-2.02,147.27,81.68,76,89,3.11,overcast clouds,0.0,0
597,Vila Velha,BR,-20.33,-40.29,84.2,45,20,13.87,few clouds,0.0,0
